,c_code,rgb,occurrence,Assets,file_name
0,#FFFFFF,"(255, 255, 255)",291794,bfbf7a2b7ac635e67877b1ab87fd6629,_preview.png
0,#FFFFFF,"(255, 255, 255)",291794,945010afbf9a55bbdffcb0895f946155,_preview.png
0,#08080C,"(8, 8, 12)",160951,e68e20f592457b875ce29757ab855dfe,_preview.png
0,#FFC81E,"(255, 200, 30)",72272,84327cf26d2a91e2730ae7ddbfca6d59,_preview.png
0,#FFFFFF,"(255, 255, 255)",179626,08b7a12a72fb5100b27197c39bab1b70,_preview.png
0,#000000,"(0, 0, 0)",132367,bb631902fce625cf0dc87d80c027c905,_preview.png
0,#010001,"(1, 0, 1)",309792,bcc5ae4665b6b8c2ff25dfdc65fbc65a,_preview.png
0,#08080C,"(8, 8, 12)",160951,7fc571f85358c5d37efafde99b6896d7,_preview.png
0,#FEC931,"(254, 201, 49)",57379,79c36d2adb94900291f5ddf1f6580c43,_preview.png
0,#000000,"(0, 0, 0)",168958,c7ecd71b4632aea2ffca69a1d079b290,_preview.png
0,#000000,"(0, 0, 0)",71826,8fa19496d906812e1f44a983d347ee63,_preview.png
0,#FFFFFF,"(255, 255, 255)",291794,3ef8b18ef78ad050d1a76b801d97a08c,_preview.png
0,#08080C,"(8, 8, 12)",160951,7f25293ac6d5c570749cea2af84e8439,_preview.png
0,#81A2C7,"(129, 162, 199)",185311,3c23316180b7da3e712c0596fa01ff74,_preview.png
0,#FFC71E,"(255, 199, 30)",74594,459c60702cfaae32207a161b693df47c,_preview.png
0,#08080C,"(8, 8, 12)",160951,61eb910425767fd90074a958328bee6a,_preview.png
0,#08080C,"(8, 8, 12)",160951,3a5bb9945be02e4181eee1dec5c25edc,_preview.png
0,#FFFFFF,"(255, 255, 255)",291794,e656e46e3a4dc66fc0baa433c94bfd1a,_preview.png
0,#050508,"(5, 5, 8)",214006,4264eae0ad6e1cbcea3d73d88becb787,_preview.png
0,#8EA6AB,"(142, 166, 171)",470095,6a3dbf08b82e45b3f3e79844f3a9aa18,_preview.png
0,#FFFFFF,"(255, 255, 255)",291794,29383bc5de5a62c642fb9434d71863e7,_preview.png
0,#6FD0F6,"(111, 208, 246)",181349,9278a3d31c76eaa929d2326e1b2062e1,_preview.png
0,#EADCB6,"(234, 220, 182)",161422,b768aedc20d9c135b355b7cd8e8beff3,_preview.png
0,#F4F6F6,"(244, 246, 246)",343410,ee11627c036ee9772446b6e3ac9da649,_preview.png
0,#FFFFFF,"(255, 255, 255)",540000,07f93a53c25007301d276ec20e7be491,_preview.png
0,#FFFFFF,"(255, 255, 255)",386100,2a6bbf47edb9f1cb3a722784c5e73e83,_preview.png
0,#0F0807,"(15, 8, 7)",51928,3a9208f5502fa4ad01ddf92a77a0e8a3,_preview.png
0,#132F5E,"(19, 47, 94)",119265,404c5d32b088d0869fd7774ce7582f89,_preview.png
0,#FFFFFF,"(255, 255, 255)",291794,b1e8cf36fefced5b9f20d291026b06db,_preview.png
0,#08080C,"(8, 8, 12)",160951,b285c9ac9aa1669a7350e4c4594ea571,_preview.png
0,#60D4E0,"(96, 212, 224)",126711,b8595cc38764f2c30d986c4c8080671c,_preview.png
0,#7D7770,"(125, 119, 112)",162158,42dd2154c1b6f67a461463cf322c9830,_preview.png
0,#515037,"(81, 80, 55)",148199,7db3a9c286b1a445845bad68ff95f2bb,_preview.png
0,#CACAC6,"(202, 202, 198)",81068,73adaebd0fbf7778d06d9d711ba5c152,_preview.png
0,#FFFFFF,"(255, 255, 255)",291794,3bc6564698bdf9559b98b255737bbedb,_preview.png
0,#FFFFFF,"(255, 255, 255)",291794,df89c44299ec66120e89ab1d1296c26f,_preview.png
0,#C9CDCC,"(201, 205, 204)",209497,39d4594499ca9372338b51f71e0b6681,_preview.png
0,#000000,"(0, 0, 0)",79355,3c35998c3f4a279a008ac3ffd8481fea,_preview.png
0,#000000,"(0, 0, 0)",104809,c706a9ad6b0c2ee9295fe40dfa5b0615,_preview.png
0,#08080C,"(8, 8, 12)",160951,8b6e13cab4903dffde5588ea2ab0c2a2,_preview.png
0,#FFFFFF,"(255, 255, 255)",291794,637244e2ca7b57187bd1b563a5b85846,_preview.png
0,#890000,"(137, 0, 0)",197023,99558df7a3e64e9b15c34c20f44f038a,_preview.png
0,#FFFFFF,"(255, 255, 255)",410514,39825c2c74eae1fd9c73da842617d2da,_preview.png
0,#170A03,"(23, 10, 3)",171464,ed9fd46313a5bce5f00d5fd720e5880f,_preview.png
0,#C1C1C7,"(193, 193, 199)",116879,c176d5a3e27117bc90e3820434a024d9,_preview.png
0,#FFC71E,"(255, 199, 30)",74594,bf1f7af46eec0e92939a8b3ba51cbacd,_preview.png
0,#261D18,"(38, 29, 24)",116564,26e54c41e45e7bd0899b90fdacf124fd,_preview.png
0,#BAC8D3,"(186, 200, 211)",108501,d1e28a38a4e871527e62543540d0e7a7,_preview.png
0,#010101,"(1, 1, 1)",71154,f5f846befe806be6021ff34f9fd60547,_preview.png
0,#A1867A,"(161, 134, 122)",154702,b4d26946d68754d77027cc419d36892f,_preview.png
0,#003C9E,"(0, 60, 158)",71921,96510a48f1e13c601687e80f5d60670b,_preview.png
0,#0C111E,"(12, 17, 30)",205227,09f35af0a30b37dce2f1a5ad7f143293,_preview.png
0,#A1A1A1,"(161, 161, 161)",165342,4443d262f14a8d6d58655dcf2e8c4542,_preview.png
0,#161616,"(22, 22, 22)",166624,3f08e75ebd9b0ca68ffd298893647a13,_preview.png
0,#F4F6F6,"(244, 246, 246)",343410,c21bfafc138cf023080098b0f7a439d0,_preview.png
0,#A49B92,"(164, 155, 146)",197625,65299151bf4cbd1825d28e4a43d113ac,_preview.png
0,#FFFFFF,"(255, 255, 255)",291794,3ff8db0779a25d3a9b92aebfb0eebe69,_preview.png
0,#08080C,"(8, 8, 12)",160951,d3a2aee36af8bf076d1111a6115be31b,_preview.png
0,#FFFFFF,"(255, 255, 255)",291794,b7aa3693292fc7cf17f4fc1da680bf5d,_preview.png
0,#4B4DA6,"(75, 77, 166)",94049,015f38df736f5a9498b18a1d12170187,_preview.png
0,#FFFFFF,"(255, 255, 255)",540000,db69df88f5a7b1540d4ff829bffb97f9,_preview.png
0,#BDE1F0,"(189, 225, 240)",188204,22c8ca74c84370214de628417aff20d6,_preview.png
0,#FFFFFF,"(255, 255, 255)",107925,d6875bfe73a3abc7eea25b7de121c643,_preview.png
0,#FFFFFF,"(255, 255, 255)",291794,6939c3f395fc2317da25fa5b19580c68,_preview.png
0,#034732,"(3, 71, 50)",176146,cc60737a3e2f6b713484916327764a5f,_preview.png
0,#FFFFFF,"(255, 255, 255)",292284,f6c6774bb267182cf248fd64a5b25b59,_preview.png
0,#3B2412,"(59, 36, 18)",120178,3c99774ddf5babcf91ae21f76e9f4508,_preview.png
0,#000000,"(0, 0, 0)",142162,255d22983f0277734d8063562fad31b7,_preview.png
0,#FFFFFF,"(255, 255, 255)",291794,3ae630f06b5d395a7a0db157c2430093,_preview.png
0,#FFFFFF,"(255, 255, 255)",291794,4a626b2e90bd71acc2ef014c7e1123c7,_preview.png
0,#000000,"(0, 0, 0)",300000,ea140a50dd4921ef96e08552e6eb9cc7,_preview.png
0,#0B0803,"(11, 8, 3)",131174,4e3305a488faf871189cce9831a6c863,_preview.png
0,#FFFFFF,"(255, 255, 255)",291794,495fb61f38dd39cd7fba4bb81af6c8f5,_preview.png
0,#08080C,"(8, 8, 12)",160951,4b17a1c22c7a81c721608629b84b8b80,_preview.png
0,#537387,"(83, 115, 135)",96156,ff88446626571f68e23c4b07063fd806,_preview.png
0,#170A03,"(23, 10, 3)",171464,5dea9aa4ca7a1f9a0d65d85ebece9522,_preview.png
0,#3B2412,"(59, 36, 18)",120178,2a7069f1ccdc33dd1f7a200e3026b4ad,_preview.png
0,#FFFFFF,"(255, 255, 255)",291794,92ecf0b80b7483c89eb72a551484970a,_preview.png
0,#0A0906,"(10, 9, 6)",234290,b8d87efae84799bd340ce653954a11b1,_preview.png
0,#FFFFFF,"(255, 255, 255)",296466,75ada73f9b02a1f6e04f1bf69d5bd007,_preview.png
0,#FFA000,"(255, 160, 0)",226650,3ee05bbb667222104101da1831329c3c,_preview.png
0,#FFFFFF,"(255, 255, 255)",291794,b34d551e23ad7ce5a494453bcc409ccc,_preview.png
0,#00294B,"(0, 41, 75)",206883,c94556717fc1d3783d27f51ae1b5350e,_preview.png
0,#FFFFFF,"(255, 255, 255)",390129,adunit-ihop-ihoppy-hour-save-dollar-5-mob,_preview.png
0,#08080C,"(8, 8, 12)",160951,7e0b86cf99bbb9152f0d510d36f84f40,_preview.png
0,#FFFFFF,"(255, 255, 255)",291794,0814384db6d5dac4b55e781d99eeb4cb,_preview.png
0,#FFFFFF,"(255, 255, 255)",291794,0a59be2e7dd53d6de11a10ce3649c081,_preview.png
0,#000000,"(0, 0, 0)",381833,269d061e1b507338d8b4c69676f9ffa1,_preview.png
0,#FFFFFF,"(255, 255, 255)",291794,3ba7994ec2ea0b953b57457bd25ac857,_preview.png
0,#000000,"(0, 0, 0)",179839,76fe8ed6d5462ff2cc0ee750d2221a52,_preview.png
0,#450050,"(69, 0, 80)",100032,b42473e8fdb0b3d6ea798f4118ef23aa,_preview.png
0,#450050,"(69, 0, 80)",100032,c0ccae16df156f9744c8c74e252ad00b,_preview.png
0,#FFFFFF,"(255, 255, 255)",96282,782fd6ca8cf0483d38a3d685a9cdb536,_preview.png
0,#FFFFFF,"(255, 255, 255)",181934,adunit-ihop-ihoppy-hour-mpu,_preview.png
0,#08080C,"(8, 8, 12)",160951,f38dae81fae6d60408100503e4661ac6,_preview.png
0,#08080C,"(8, 8, 12)",160951,424a4a0bfde5a836ed93394a8c099b17,_preview.png
0,#1B1009,"(27, 16, 9)",79029,83952985710c8e1646ac09269938e730,_preview.png
0,#CACAC6,"(202, 202, 198)",81068,f125ec6ad94bd7b93c1502fb7e16e2ba,_preview.png
0,#AEBBBC,"(174, 187, 188)",51664,6befe54086758294b47addf0c12052a7,_preview.png
0,#08080C,"(8, 8, 12)",160951,ba62e65857faee399998f5d4dad7feaf,_preview.png
0,#08080C,"(8, 8, 12)",160951,d2210530c4400ba1eaf5f712b646e7e6,_preview.png
0,#FFFFFF,"(255, 255, 255)",220779,05fa49d47b280182d4684b9f3358ded4,_preview.png
0,#FFFFFF,"(255, 255, 255)",47438,65d2519c16266cf9a3b1a8a3d2d82c99,_preview.png
0,#F7F7F7,"(247, 247, 247)",126856,28c88e21eaae4c3db86fe5a48ae9c7d5,_preview.png
0,#DDE7F0,"(221, 231, 240)",172150,251daf76d78711e74c9b441f4bb62834,_preview.png
0,#FFFFFF,"(255, 255, 255)",409661,adunit-ihop-window4-scary-face-mob,_preview.png
0,#08080C,"(8, 8, 12)",160951,d485045274821654173302dc5c7783c9,_preview.png
0,#190B04,"(25, 11, 4)",173590,dd43631ca1bf97d6c4966780b1f13a87,_preview.png
0,#032547,"(3, 37, 71)",517035,42c5b4b367187c29ac8fdd78c70837d6,_preview.png
0,#173190,"(23, 49, 144)",50417,0736dda52dd3ef12dc4f82fb51b1becd,_preview.png
0,#08080C,"(8, 8, 12)",160951,0301a5865ecfd7c5a1653dde10a5aedf,_preview.png
0,#08080C,"(8, 8, 12)",160951,6ae22e38b45ebb28b3202d7cf8515ce4,_preview.png
0,#08080C,"(8, 8, 12)",160951,5a48ffcbf611f167ecbb884e807f31f6,_preview.png
0,#FFC71E,"(255, 199, 30)",74594,3d18cfe28f2fbadff32db07a2132e12c,_preview.png
0,#EADCB6,"(234, 220, 182)",285200,698aa039cb003c1773b68cf89ab37096,_preview.png
0,#08080C,"(8, 8, 12)",160951,e6e771ae6f00d0f2ada4d2280cfd7740,_preview.png
0,#FFFFFF,"(255, 255, 255)",291794,f95ed1b647ad098a3738f1b58142decd,_preview.png
0,#FFFFFF,"(255, 255, 255)",291794,4f435640fb278b789726bbcd47ce5daf,_preview.png
0,#91D4FF,"(145, 212, 255)",67702,b16e25c480f043e4be7d8e011bfa5e95,_preview.png
0,#08080C,"(8, 8, 12)",160951,3a3878c4fa9698438884f2288bdd1ea2,_preview.png
0,#08080C,"(8, 8, 12)",160951,e1abe0c4a3df40bbb0d35d089caa13a5,_preview.png
0,#FFFFFF,"(255, 255, 255)",291794,65fb17277b3fbfe200f6ac90f0717c48,_preview.png
0,#FFFFFF,"(255, 255, 255)",291794,085e477e7aa74fc3a222bcb4385000be,_preview.png
0,#141A2D,"(20, 26, 45)",236753,06162b54235c76bfc73c297dd000614a,_preview.png
0,#232326,"(35, 35, 38)",234150,3d8be6f0a1e1c248a02befc0dd3f6bec,_preview.png
0,#222A63,"(34, 42, 99)",127573,2b7e702f208b7fd60d15d0bdadd269f4,_preview.png
0,#FFFFFF,"(255, 255, 255)",291794,fac33ac29ac616dfa0053558c1a3c03c,_preview.png
0,#B40000,"(180, 0, 0)",108313,ca1d489a0c1849845cb7144e51b0a7a1,_preview.png
0,#FFA000,"(255, 160, 0)",226650,2842f18b64fb7ac0661021da97de0def,_preview.png
0,#F6F7F8,"(246, 247, 248)",399922,4247849793e2e0d3082ee5151a7e9416,_preview.png
0,#A9BCAB,"(169, 188, 171)",240832,c38c56f98c1db74d1f613ec31d8bcf75,_preview.png
0,#FFFFFF,"(255, 255, 255)",291794,b046eee3c13e2f88aba3c40743093d13,_preview.png
0,#450050,"(69, 0, 80)",100032,9d7dacc59d5bfde6cfaa17d2604ae9d5,_preview.png
0,#FFFFFF,"(255, 255, 255)",1377,43a29939d9ac51d99f5e3b4822914efe,_preview.png
0,#E3E3E3,"(227, 227, 227)",246807,21d4924d608d1258ea35a53b314660bc,_preview.png
0,#000000,"(0, 0, 0)",355573,c4b651056516bc245b6b0dd78c2b192c,_preview.png
0,#A1A1A1,"(161, 161, 161)",165342,406833de6c44d0a19ab9db1559828563,_preview.png
0,#232C2D,"(35, 44, 45)",27844,ec53b0973db5a35d83fd5bb009802bdb,_preview.png
0,#FAFAFA,"(250, 250, 250)",192775,050fd94fd028e2b766dcbfa5a9586d2c,_preview.png
0,#08080C,"(8, 8, 12)",160951,95585c17779c722e67067c189cf15d63,_preview.png
0,#EFEEE3,"(239, 238, 227)",281731,f6525e69f4bbebe1b522d463080006ce,_preview.png
0,#005C65,"(0, 92, 101)",416841,3bc12d2bdea947d4502e885b6d9aa442,_preview.png
0,#08080C,"(8, 8, 12)",160951,c911bb936656e056779e31c273417b46,_preview.png
0,#08080C,"(8, 8, 12)",160951,437ff18f66a2e2351c45582104ec8b65,_preview.png
0,#A27A6A,"(162, 122, 106)",103976,00dfe88c4d3fb60793765d314bf24b7c,_preview.png
0,#030202,"(3, 2, 2)",100211,3f435a895024e81fd5126354c7972b0f,_preview.png
0,#E8E8EA,"(232, 232, 234)",385463,adunit-engagement-plus-ihop-evergreen-olo-drag-right-mob,_preview.png
0,#211006,"(33, 16, 6)",82987,d37f1a5e7d90e81756244e1bff3141bc,_preview.png
0,#060903,"(6, 9, 3)",140992,ee5f0e9c4a1296a30944be613ab2028c,_preview.png
0,#EFF2F8,"(239, 242, 248)",223870,ecc6562c52ea0a03f794e7cec023bd0b,_preview.png
0,#132139,"(19, 33, 57)",215776,0b1ee11406e97cc6fb4229deeb19e6b7,_preview.png
0,#08080C,"(8, 8, 12)",160951,00508a6979fdd9c2e5f8c68bfefe5f71,_preview.png
0,#FFFFFF,"(255, 255, 255)",385491,ae30ff3cae1f369954f5e91499b9e515,_preview.png
0,#FFFFFF,"(255, 255, 255)",291794,6d72ce3e20781f20fb420b30d3dd8b0e,_preview.png
0,#020001,"(2, 0, 1)",313811,af2eecc9194b8e3596bdb9d669f61715,_preview.png
0,#FFFFFF,"(255, 255, 255)",291794,fef95c5e1ee5bc235b56d7c508d3bcd0,_preview.png
0,#000000,"(0, 0, 0)",180402,23fb8e9094b55306b08f7157c4b5ec43,_preview.png
0,#000000,"(0, 0, 0)",107554,9ecf3c519703026495d4f82df8bb2388,_preview.png
0,#A09791,"(160, 151, 145)",139706,edd62a365ff46ae8c2e7a88dcb48ba56,_preview.png
0,#190B04,"(25, 11, 4)",173590,267aa12df20c85a8c215e3d6f7a74879,_preview.png
0,#000000,"(0, 0, 0)",71826,f43220f51d51bba30046e637600bd773,_preview.png
0,#FFFFFF,"(255, 255, 255)",291794,28a291ca9f966fdc0e1bc917c019aced,_preview.png
0,#08080C,"(8, 8, 12)",160951,b6519446fad0a84445faf9620f0fa02e,_preview.png
0,#FFFFFF,"(255, 255, 255)",291794,85d3838428307a4c8b16712bdc15330e,_preview.png
0,#FFFFFF,"(255, 255, 255)",540000,3f749b8fd9e49bca68b5fdc0ca391cd8,_preview.png
0,#FFC71E,"(255, 199, 30)",74594,5a051f7c0a58d5301f9953827218bc55,_preview.png
0,#492C1B,"(73, 44, 27)",177758,2aab06df5509c6727fd35c7344796eb1,_preview.png
0,#01015A,"(1, 1, 90)",109075,4e232e906e1e6a2b6cd8eedc467905f2,_preview.png
0,#FFFFFF,"(255, 255, 255)",169810,fb755cbcc0e9b7069382745e6841f2ba,_preview.png
0,#161922,"(22, 25, 34)",214052,db4c6d9a38437a0b76bb047ca37519d4,_preview.png
0,#1E0125,"(30, 1, 37)",116489,b58595e2670fde268a1c6dc7b9fc8ba3,_preview.png
0,#E4F2F8,"(228, 242, 248)",208785,79e5acae0b9e9789b90f0b362f449eb1,_preview.png
0,#ED1B30,"(237, 27, 48)",116017,9f157ba406572210d000f1478e8e656c,_preview.png
0,#F9F8FA,"(249, 248, 250)",114349,6280249e98882910535061f21ae36875,_preview.png
0,#99CD57,"(153, 205, 87)",184728,c8a1bbadb8931aee1d1438ae9962814e,_preview.png
0,#FFFFFF,"(255, 255, 255)",291794,be6513d80192c25426e5e8f24e6e4dea,_preview.png
0,#FFFFFF,"(255, 255, 255)",210490,adunit-ihop-ihoppy-hour-20-percent-off-mpu,_preview.png
0,#000000,"(0, 0, 0)",107671,82c919a29087bad5dbedb9b64247e6d6,_preview.png
0,#08080C,"(8, 8, 12)",160951,4799763419d621cd41e7fb8abbcdd45d,_preview.png
0,#BEBCB6,"(190, 188, 182)",298839,73bfd5e041e99938ca1ef8b1e2355e02,_preview.png
0,#B7CDC1,"(183, 205, 193)",486495,3e9add27f21781f8a3c227f5b9a1da31,_preview.png
0,#000000,"(0, 0, 0)",62996,045a67d8bbba2805d2e421bc5b83d775,_preview.png
0,#FFFFFF,"(255, 255, 255)",186867,adunit-ihop-ihoppy-hour-no-offer-mpu,_preview.png
0,#FFFFFF,"(255, 255, 255)",291794,596052151e9fd6031a05ed88473b7445,_preview.png
0,#231A14,"(35, 26, 20)",71601,be3f931b8039ef187f1dcfa3d488c041,_preview.png
0,#08080C,"(8, 8, 12)",160951,3fb5ad02f38444843e343df0b505841d,_preview.png
0,#08080C,"(8, 8, 12)",160951,6c9f892bee893be71087c8300010d9a8,_preview.png
0,#FFFFFF,"(255, 255, 255)",291794,4246216d92d4ceaf0580115dd775c2e2,_preview.png
0,#FFFFFF,"(255, 255, 255)",291794,e0c8ecc4ba1bc299fb4e43f6faccffb9,_preview.png
0,#4D403C,"(77, 64, 60)",198141,600c1fdc6860cf16358e00cc238a42f6,_preview.png
0,#33231C,"(51, 35, 28)",51107,995eb7a981794358eaa84a46cde6c288,_preview.png
0,#AD611F,"(173, 97, 31)",248492,053e01474c777e16d2ac04c884685457,_preview.png
0,#FFFFFF,"(255, 255, 255)",332356,248ad697696f5e5ef82b968bfe5480ba,_preview.png
0,#000000,"(0, 0, 0)",441720,e08fda6d23b50ed0e9ec2fed06e21518,_preview.png
0,#C2C2C9,"(194, 194, 201)",261834,e1ebbff8accc9d16ea82e3b8a6636d70,_preview.png
0,#FFFFFF,"(255, 255, 255)",178133,adunit-ihop-window4-scary-face-mpu,_preview.png
0,#101921,"(16, 25, 33)",82052,45390f174ef85b574d3b81a0f5c1bab0,_preview.png
0,#1D1A19,"(29, 26, 25)",185201,99bcf45376c5182e77af6b40ccfa2d3b,_preview.png
0,#353535,"(53, 53, 53)",112153,d60dcbc971efa0b4c3cb76c245c35ced,_preview.png
0,#FEC931,"(254, 201, 49)",57379,3a6d279abd87aadd09f950bcb123e358,_preview.png
0,#97CB55,"(151, 203, 85)",176552,677e3e6c41c26d12647a0deb0a58c758,_preview.png
0,#FFFFFF,"(255, 255, 255)",291794,c2b3575ecfffe09f0f3b97a5883e6da6,_preview.png
0,#6A645D,"(106, 100, 93)",172502,4b31e9f5af8d0a4bf2c565ffa8a43800,_preview.png
0,#000103,"(0, 1, 3)",423773,753b879a06a0f89feaa3928f37d4c6fe,_preview.png
0,#213A53,"(33, 58, 83)",63283,89f522cf0adb2cc171321fb50abc9fc5,_preview.png
0,#08080C,"(8, 8, 12)",160951,e37596726bbaf0321aed953b6f8e1be7,_preview.png
0,#FFFFFF,"(255, 255, 255)",258658,025bf4faf2102b1376bddee41dc7948e,_preview.png
0,#96C5D5,"(150, 197, 213)",176572,2561bbefebc84dc200ca14d63b221d55,_preview.png
0,#C0C2C7,"(192, 194, 199)",263267,24400997671ee80961dfe1ef30072499,_preview.png
0,#BEBCB6,"(190, 188, 182)",298839,c154ec796ae46371d8bc35744ee47b0e,_preview.png
0,#E96116,"(233, 97, 22)",222764,2a25b8b900eeb431fc7627a231bbc562,_preview.png
0,#FFFFFF,"(255, 255, 255)",291794,7feef5faff5461ca47f061ed5efbccf5,_preview.png
0,#08080C,"(8, 8, 12)",160951,fbb156a0dc35c2e9f126d5140ae6ea66,_preview.png
0,#08080C,"(8, 8, 12)",160951,94ed9dbaf0a8f0a64d4e04a3b1d9431a,_preview.png
0,#16693C,"(22, 105, 60)",146058,59f430cb4755fb8e77109dcc9c8fb888,_preview.png
0,#08080C,"(8, 8, 12)",160951,783719d2b23ee967711abba9de4e7884,_preview.png
0,#FFFFFF,"(255, 255, 255)",291794,39869b76f24193f841d1f95442803be3,_preview.png
0,#F6F7F8,"(246, 247, 248)",399922,024df5698f28a46ebf4ac1ac5df2c202,_preview.png
0,#FFF4ED,"(255, 244, 237)",236344,74fb31e6b022b403306f12d715053717,_preview.png
0,#000000,"(0, 0, 0)",203465,0792c911c288bd241c1e2a2b64bce488,_preview.png
0,#030202,"(3, 2, 2)",100211,281ca748ff2f73232baa2a2d98041a63,_preview.png
0,#08080C,"(8, 8, 12)",160951,3c741855acd9576b4e311d5cd990ae77,_preview.png
0,#A0A0A0,"(160, 160, 160)",165355,4008b0311b08183a8e6d7d6d01cea464,_preview.png
0,#FFFFFF,"(255, 255, 255)",22135,002dbbd85ef3fe6a2e7d0754fb9f9a1a,_preview.png
0,#000000,"(0, 0, 0)",355573,4546fea5413797d10224198aaa34fe45,_preview.png
0,#08080C,"(8, 8, 12)",160951,88d9068b2d0ea2492b160a2e028d3429,_preview.png
0,#FFFFFF,"(255, 255, 255)",291794,cd8d3632d222fd9e87e32c9d0ecafdea,_preview.png
0,#08080C,"(8, 8, 12)",160951,4c0bb312924b2faa49f1eb556a5377ec,_preview.png
0,#DDD6CD,"(221, 214, 205)",345542,adunit-engagement-plus-ihop-evergreen-olo-drag-left-mob,_preview.png
0,#FFFFFF,"(255, 255, 255)",179607,3e46da2a3160460b9be21da8ea0ce68e,_preview.png
0,#BEE2F1,"(190, 226, 241)",191668,f033db746b20e747ee528caa07f0b2de,_preview.png
0,#1D231C,"(29, 35, 28)",38799,6e628eb5fafe4a43309363ef8e8efc12,_preview.png
0,#08080C,"(8, 8, 12)",160951,b2504a570b6274172b6bd9558118f772,_preview.png
0,#181312,"(24, 19, 18)",225993,0a18978cdc8b64f900b0db6a297eb99d,_preview.png
0,#211006,"(33, 16, 6)",82987,5dae3772408bcecb586bf62312c13838,_preview.png
0,#000000,"(0, 0, 0)",355573,f701e15a157e1418704c2b18a13fb471,_preview.png
0,#7492B4,"(116, 146, 180)",265289,08fc9a9f04de967fe87c5061c32d3b84,_preview.png
0,#380045,"(56, 0, 69)",97617,64a625126af2759b5e84aed912400e4f,_preview.png
0,#FFFFFF,"(255, 255, 255)",291794,eb84457fc98f942bb27157e930794c61,_preview.png
0,#08080C,"(8, 8, 12)",160951,5d8310907217d0f5385f765f133ad475,_preview.png
0,#CACAC6,"(202, 202, 198)",81068,4febb144783cbf0059748799ed8b4945,_preview.png
0,#FFFFFF,"(255, 255, 255)",291794,8091002d3367a188f845f2c9fcdbadea,_preview.png
0,#08080C,"(8, 8, 12)",160951,e1d358918210126d2348bb98e47dfa86,_preview.png
0,#FFFFFF,"(255, 255, 255)",425328,adunit-ihop-ihoppy-hour-20-percent-off-mob,_preview.png
0,#FFFFFF,"(255, 255, 255)",161474,adunit-ihop-window4-reeses-mpu,_preview.png
0,#08080C,"(8, 8, 12)",160951,727b84106211a421a6d6925655a4ff17,_preview.png
0,#08080C,"(8, 8, 12)",160951,6649faf7aaae3caa5ac3de30b5ac4829,_preview.png
0,#FFFFFF,"(255, 255, 255)",291794,d63a7966d398d4dd0778d268d17fd2aa,_preview.png
0,#FFFFFF,"(255, 255, 255)",220779,3a78fb0ee7c6e7fa0101fe1d6f49de29,_preview.png
0,#43241A,"(67, 36, 26)",117539,07f3a0ee847117a81ff9183befca007a,_preview.png
0,#08080C,"(8, 8, 12)",160951,5190d04e9abb3684a856257429894a5b,_preview.png
0,#50040B,"(80, 4, 11)",106228,68c52769f63d072ef64e0dde04ed5ff0,_preview.png
0,#08080C,"(8, 8, 12)",160951,5cd2c1fa13b9cd4862f79304e5ca19cc,_preview.png
0,#FFFFFF,"(255, 255, 255)",291794,98555b9df18ae8d010794161505020dd,_preview.png
0,#000000,"(0, 0, 0)",71826,9155a2e9b6ccf3449b2403031ed99468,_preview.png
0,#FFFFFF,"(255, 255, 255)",167320,919ef5d6de221daf94537e4d87e98859,_preview.png
0,#08080C,"(8, 8, 12)",160951,61dff450d1f6264618e7532f9e6c21dd,_preview.png
0,#EAD201,"(234, 210, 1)",179992,2845ecbabd12a9d2d17283664c06fa7d,_preview.png
0,#FFFFFF,"(255, 255, 255)",291794,6b7ddb8af0b0d4b5e042ac9469300177,_preview.png
0,#08080C,"(8, 8, 12)",160951,23bd30ca17aae979afebc6f4e5f1fdd3,_preview.png
0,#08080C,"(8, 8, 12)",160951,5e3fbc83a60c730e234618fe5483800e,_preview.png
0,#000000,"(0, 0, 0)",107554,45bc44f6b1529331c282ba1f72e13b3c,_preview.png
0,#A70010,"(167, 0, 16)",298134,4342ea931e3e9ae5c51aed541a61465d,_preview.png
0,#000000,"(0, 0, 0)",361961,295e3365c5ed156b3ae4c8f3194add31,_preview.png
0,#FFFFFF,"(255, 255, 255)",291794,8932a4d6d34de7718182c18cc30779e8,_preview.png
0,#F4F6F6,"(244, 246, 246)",343410,68d489e40aa39d4498507af1ccdf249a,_preview.png
0,#000000,"(0, 0, 0)",119212,3faf6a6e515ee4a3d08934b3e93a4a9e,_preview.png
0,#FFFFFF,"(255, 255, 255)",291794,3c8eed5eead83f9798db8c24578d7a19,_preview.png
0,#BEBCB6,"(190, 188, 182)",298839,b50d6442906a8362508d2a97bb9ba01e,_preview.png
0,#E9DCD4,"(233, 220, 212)",231820,b500b45f2e556f55a488bc21c045877f,_preview.png
0,#91D4FF,"(145, 212, 255)",161480,67169407f4dd5762a97f973e82e550bd,_preview.png
0,#FFFFFF,"(255, 255, 255)",147103,0692cec4544cb0287225a7bccebc916b,_preview.png
0,#08080C,"(8, 8, 12)",160951,7110d440d9d424eec0ddb5f114058c06,_preview.png
0,#FFFFFF,"(255, 255, 255)",291794,bdc1911c958ee9f1d54097420bc0088d,_preview.png
0,#101921,"(16, 25, 33)",82052,bf16a83492d04640042f674af85d2aac,_preview.png
0,#67756A,"(103, 117, 106)",199026,265680a6c85f2381bb49965579b0fd89,_preview.png
0,#08080C,"(8, 8, 12)",160951,02d99db5aa9193b2bfc98ad6998e0ea7,_preview.png
0,#08080C,"(8, 8, 12)",160951,46a614be24dc2639baeb3a4887dfee2f,_preview.png
0,#0D5ABA,"(13, 90, 186)",174367,29f4c491737ce1cd367ff019e7b2ccb7,_preview.png
0,#991AD6,"(153, 26, 214)",141868,917250eb5213e41aa11f92282ec0b19a,_preview.png
0,#FFFFFF,"(255, 255, 255)",247636,40735b62ef7f9da459b39d173ee56ac3,_preview.png
0,#FFFFFF,"(255, 255, 255)",300000,d982317438736aac9cb37b3e66a2f555,_preview.png
0,#808584,"(128, 133, 132)",72863,bfeea6509482aeb0aaeed455fadb9c4e,_preview.png
0,#000000,"(0, 0, 0)",355573,877843b799b1b074584fc22f9157f447,_preview.png
0,#19CCBA,"(25, 204, 186)",355575,26877a2094850375ec053651dd7aa4ea,_preview.png
0,#F7F6F4,"(247, 246, 244)",156068,05dff647236dcc065f51eea259e8a120,_preview.png
0,#08080C,"(8, 8, 12)",160951,9e2b17d1c9addd70a9da0c72dfec0e3c,_preview.png
0,#FFFFFF,"(255, 255, 255)",187167,ddc12737f9718263bfb0f54843da0478,_preview.png
0,#000000,"(0, 0, 0)",79355,2a355ca0d306921e195591e5b2374b6a,_preview.png
0,#FFFFFF,"(255, 255, 255)",291794,c47fa6c0b4462b654c222e2f4be62b3d,_preview.png
0,#000000,"(0, 0, 0)",282206,958fb9e4304628629f9848dee96ad338,_preview.png
0,#FFFFFF,"(255, 255, 255)",8087,df91c37d7078b8b406deaea243bb3746,_preview.png
0,#FFFFFF,"(255, 255, 255)",291794,f398e921861a533315cd9e1085e2059c,_preview.png
0,#FFFFFF,"(255, 255, 255)",311448,adunit-ihop-window4-reeses-mob,_preview.png
0,#A1867A,"(161, 134, 122)",154702,9d0bbd449e1c907e9f554bb9df1c4a10,_preview.png
0,#000000,"(0, 0, 0)",119212,52054fa91799a747b8ddf3f3118f40e9,_preview.png
0,#08080C,"(8, 8, 12)",160951,dbe499749ecc456991332fc5d847ad2e,_preview.png
0,#FFFFFF,"(255, 255, 255)",291794,e334f7ef4caacc9552993029ad56a52b,_preview.png
0,#08080C,"(8, 8, 12)",160951,ccce5533b26203d07100376c394951a6,_preview.png
0,#60D4E0,"(96, 212, 224)",171108,8f3f46fa6a0accfd8b4563f2e35aaba5,_preview.png
0,#010103,"(1, 1, 3)",154496,adunit-yamaha-x4-seonsory-plus-mpu,_preview.png
0,#CACAC6,"(202, 202, 198)",81068,d9211cc52590fe62718030dbc1a9389a,_preview.png
0,#232C2D,"(35, 44, 45)",27844,a1a3485dee81692a3ea64143aa51e90f,_preview.png
0,#FFFFFF,"(255, 255, 255)",291794,3ec1bd3422d0512c1fa1c06b7277df65,_preview.png
0,#121410,"(18, 20, 16)",51318,942616462420cb3890d00c65fc644e73,_preview.png
0,#1A120E,"(26, 18, 14)",203488,f0a8b52312fce8d57f34bc6441dea750,_preview.png
0,#0D0B30,"(13, 11, 48)",103281,59e7b509d984f3a5b13fb8a33e0f6c2d,_preview.png
0,#000000,"(0, 0, 0)",355573,c5d9fdf57215e5dbec5cc42419090749,_preview.png
0,#000000,"(0, 0, 0)",355573,94bc1e8d137186644fa3baa53185a331,_preview.png
0,#AEBBBC,"(174, 187, 188)",51664,eb641577b39bf60665e3130ac0d4e301,_preview.png
0,#FFFFFF,"(255, 255, 255)",291794,3c5828449ad87b05b5dedf0b4787242a,_preview.png
0,#FFFFFF,"(255, 255, 255)",265901,9a09184e03a21be85b165f66d6d1c121,_preview.png
0,#11120F,"(17, 18, 15)",101538,24f58a2b0bfefefd5ccc43bf1f664685,_preview.png
0,#FFFFFF,"(255, 255, 255)",288303,75e9bf718c93754ae33314a92db613dd,_preview.png
0,#B37E45,"(179, 126, 69)",96570,3bf22f2c7f71986b690dc922cb0bee1f,_preview.png
0,#FFFFFF,"(255, 255, 255)",291794,77cb39bbc869bdf0db280ec15a15280f,_preview.png
0,#B18481,"(177, 132, 129)",127613,c48014dd1774f0fc8dddf6c6cdcb337f,_preview.png
0,#FFFFFF,"(255, 255, 255)",291794,cd5de313101387fd9191cb03ef431ec9,_preview.png
0,#FFFFFF,"(255, 255, 255)",47438,28b455751eabbf79d899fc9a4c6f151e,_preview.png
0,#FFFFFF,"(255, 255, 255)",158483,f520edea9b83c22a1c82412fcaf9f0a3,_preview.png
0,#A3C0D5,"(163, 192, 213)",83078,b58ae8eb1017e252ce37c29226411489,_preview.png
0,#08080C,"(8, 8, 12)",160951,fe1cc47f2e46f29607046541f8418275,_preview.png
0,#262425,"(38, 36, 37)",170557,090f9075627a9543f171041a644d8af9,_preview.png
0,#FFFFFF,"(255, 255, 255)",181264,28c3515061ccebd5a08a954a584623e1,_preview.png
0,#08080C,"(8, 8, 12)",160951,049b5c09f2fc9c009cc3e7bc6e95be90,_preview.png
0,#30201A,"(48, 32, 26)",83801,bd312b97d9d646bcd3263809be428f5e,_preview.png
0,#08080C,"(8, 8, 12)",160951,68c78af778382e3e80ba98d676dd8527,_preview.png
0,#F15D31,"(241, 93, 49)",148061,71d0113ae02ccba7e3fd67f71baf2f2a,_preview.png
0,#AFA7AE,"(175, 167, 174)",84831,2287637d5dbfb7cc45fb816157a412fa,_preview.png
0,#F4F6F6,"(244, 246, 246)",343410,b378c281edcaebfbe47a3104fdc2e036,_preview.png
0,#4D216D,"(77, 33, 109)",273330,09b983781c78607d3e9348f231765ea1,_preview.png
0,#FFFFFF,"(255, 255, 255)",291800,f08d8e575fa2c9929dfaf2d1bfa553a2,_preview.png
0,#08080C,"(8, 8, 12)",160951,8a1a2fa030200a7087619144f042c2da,_preview.png
0,#FFFFFF,"(255, 255, 255)",291794,f2aa99ddd5015647abc940e7d6695df2,_preview.png
0,#A7B8A8,"(167, 184, 168)",163342,69a95b2cae65b8457594ab519006920c,_preview.png
0,#FEC931,"(254, 201, 49)",57379,c004ede9dbeaf07289dff53dfaa0cd9e,_preview.png
0,#020001,"(2, 0, 1)",313811,adunit-yamaha-x2-seonsory-plus-mob,_preview.png
0,#E5BEA0,"(229, 190, 160)",89529,2681e9a5eb126e75959f33a477964544,_preview.png
0,#FFFFFF,"(255, 255, 255)",290198,9415d4728381f961a8d6bd7c57142ab7,_preview.png
0,#C2C2C9,"(194, 194, 201)",283889,79a672060e901ce418230c3959619cca,_preview.png
0,#FFFFFF,"(255, 255, 255)",257509,adunit-windows3-2021-mpu,_preview.png
0,#7D7770,"(125, 119, 112)",162158,d48b2247fce73617dab5633187c02360,_preview.png
0,#BEBCB6,"(190, 188, 182)",298839,5793a8d614757c76e8fcb904f943e586,_preview.png
0,#08080C,"(8, 8, 12)",160951,02335ed7fbc9fd8ec1505d30a7d385ba,_preview.png
0,#FFDD00,"(255, 221, 0)",254350,22d151fdc4f270e75bcf3729df08180f,_preview.png
0,#211D21,"(33, 29, 33)",97083,8578176a5460d41edddd1440ab46e564,_preview.png
0,#000000,"(0, 0, 0)",180402,2524439faeafa1c2ca1a27cac00a97b1,_preview.png
0,#000113,"(0, 1, 19)",137229,286ce285a3a28445c972ba9d09090937,_preview.png
0,#0057B7,"(0, 87, 183)",343723,c47a1785032e3bc12dc53dc97034dd33,_preview.png
0,#60D4E0,"(96, 212, 224)",174031,26891312da99dd6e651fd179d1ff0faf,_preview.png
0,#FFFFFF,"(255, 255, 255)",291794,6a8e741867d4f893afad015b77b52c39,_preview.png
0,#08080C,"(8, 8, 12)",160951,0a22f881b77f00220f2034c21a18b854,_preview.png
0,#FFFFFF,"(255, 255, 255)",291794,b68baf66405783b70a2141860cb15adc,_preview.png
0,#F4F6F6,"(244, 246, 246)",343410,d7c5bf54f39eb745b553d06813cffb23,_preview.png
0,#492C1B,"(73, 44, 27)",177758,86f213ed98d05c93c09fe2d0ded4dfe6,_preview.png
0,#000304,"(0, 3, 4)",255491,de74397f972d47d2c078b44807974532,_preview.png
0,#000000,"(0, 0, 0)",62996,2adefe98452f112060fe28e98f7a2c46,_preview.png
0,#0B0D0F,"(11, 13, 15)",269832,032ecd4e7d6db78058878d0ac61a82dc,_preview.png
0,#08080C,"(8, 8, 12)",160951,d6c5dcb42c617e8d164dafb4d302ac0a,_preview.png
0,#FFFFFF,"(255, 255, 255)",291794,bab02408832fd896644462340d7bf479,_preview.png
0,#E5ECEE,"(229, 236, 238)",260379,299eff884b51e6894dbd307f0a2a6554,_preview.png
0,#F5F5F5,"(245, 245, 245)",158698,0716aeb4425d2865ea9b1996ef4f90fe,_preview.png
0,#FFFFFF,"(255, 255, 255)",291794,d53d09dbd8f7aad4bfab4acb84aa323a,_preview.png
0,#08080C,"(8, 8, 12)",160951,4baa12ddba0c06b618225f8191a6d722,_preview.png
0,#FFFFFF,"(255, 255, 255)",291794,03231e84227b5038d1ce9c302019da8c,_preview.png
0,#C23748,"(194, 55, 72)",78263,4b537aac6575e7528140fc388f1349ca,_preview.png
0,#10101C,"(16, 16, 28)",224230,e300993c699d98ef0d6d574b043b65cc,_preview.png
0,#010001,"(1, 0, 1)",309792,adunit-yamaha-x4-seonsory-plus-mob,_preview.png
0,#9D8979,"(157, 137, 121)",58550,5aa8f1a6f90157b937cac6e73006a2dc,_preview.png
0,#FFFFFF,"(255, 255, 255)",291794,4ad96fa279384268e72374aaacb78caf,_preview.png
0,#FFFFFF,"(255, 255, 255)",291794,c9ec2d041cd03c489b2ee97c5f7ba400,_preview.png
0,#172B34,"(23, 43, 52)",371142,0978cddd7a740a70fa0ac73fb6603aee,_preview.png
0,#7347FF,"(115, 71, 255)",68826,3c383647c107f40ba222bcddd47d3d1b,_preview.png
0,#FFFFFF,"(255, 255, 255)",291794,7fdd8606604b4ab61563a88384188011,_preview.png
0,#08080C,"(8, 8, 12)",160951,64cfdaacd77f39b88f90210e79800a8b,_preview.png
0,#FFFFFF,"(255, 255, 255)",291794,0383071848070b93a8a9f0c82c06e5e4,_preview.png
0,#010001,"(1, 0, 1)",90685,74e0cd47380d7a41f96f5ca4ba214a8f,_preview.png
0,#08080C,"(8, 8, 12)",160951,623735c2b4b2d78c61e08073dbaa352d,_preview.png
0,#000000,"(0, 0, 0)",180402,258bf2e1c0ff55be0762ccab1c5b18db,_preview.png
0,#FFC71E,"(255, 199, 30)",74594,55775796ac3c2a0fd0fde4cae6048827,_preview.png
0,#E6E6E6,"(230, 230, 230)",363039,255bb50bf3493e1a85c9289c52610e31,_preview.png
0,#2B71C9,"(43, 113, 201)",155705,f1cc75828bb3b7419b0d210e971a7cdf,_preview.png
0,#000000,"(0, 0, 0)",180402,b3fd525be390ec4cbebdcbd225362f12,_preview.png
0,#000000,"(0, 0, 0)",142162,c01e7ce76419925187c593ba3ecb9f46,_preview.png
0,#08080C,"(8, 8, 12)",160951,92a1ef3b78f2b21068f8e1da4025e239,_preview.png
0,#0A0906,"(10, 9, 6)",234290,6de62384e53319712bf7910e4db4e189,_preview.png
0,#211D21,"(33, 29, 33)",97083,974199c136ccbd972ae2fd4714e453f5,_preview.png
0,#08080C,"(8, 8, 12)",160951,ecc8e6a50a509f8b6a8ac7c3c1a450e7,_preview.png
0,#B7B3AD,"(183, 179, 173)",132144,c3ef76ea758ea5442c9540463c5d37f3,_preview.png
0,#20354C,"(32, 53, 76)",129934,06262da6542114aaea8a611540a0ee5d,_preview.png
0,#1F0126,"(31, 1, 38)",125480,8f5834e2093bee23d3b01f8d05265765,_preview.png
0,#08080C,"(8, 8, 12)",160951,8a662fbaa5f751bf677c50359f0716c2,_preview.png
0,#FFFFFF,"(255, 255, 255)",291794,eabf360c935e08b24f30c61519033f93,_preview.png
0,#FFFFFF,"(255, 255, 255)",291794,5bc607274e363f0c1a9379e05075dcfc,_preview.png
0,#000000,"(0, 0, 0)",179839,f88e2c7f24b2bcd83044f2ccfdef79c4,_preview.png
0,#08080C,"(8, 8, 12)",160951,fbdd6f2bc08bfb43725cd6b4c52907ea,_preview.png
0,#08080C,"(8, 8, 12)",160951,b0228441fb421b8c322d67a6746f5f3e,_preview.png
0,#FFFFFF,"(255, 255, 255)",291794,fe116dea417bfe1b97e0b2dcf846c25d,_preview.png
0,#368597,"(54, 133, 151)",55678,03c532904ec03423c5e30463a62401a5,_preview.png
0,#08080C,"(8, 8, 12)",160951,cc6c33bd4409ded3155793811af5c72b,_preview.png
0,#100F1B,"(16, 15, 27)",368487,cafcf13bef3457ebed7e08e02fa49252,_preview.png
0,#08080C,"(8, 8, 12)",160951,eabca629979238e5e3d65f6f4cd818fb,_preview.png
0,#C9CAD2,"(201, 202, 210)",166702,b25e2955ba18f9f0f63a3642abdee471,_preview.png
0,#FFFFFF,"(255, 255, 255)",291794,4f23f2bdbb2c99b8d63bba659d22fe79,_preview.png
0,#FFFFFF,"(255, 255, 255)",291794,e7b3f462f7d1cc8dcaa9c076eaedd1a8,_preview.png
0,#FFFFFF,"(255, 255, 255)",291794,8c0f5a32827b9e60dbd30b77178fe184,_preview.png
0,#1D2A38,"(29, 42, 56)",198240,62dca5e1826d627612856c463e98026f,_preview.png
0,#000000,"(0, 0, 0)",168324,ae98b1f2a6ca87429bb43d29df7c682a,_preview.png
0,#08080C,"(8, 8, 12)",160951,676e0507f9e1ed8fa6880eafcf91547b,_preview.png
0,#F2F0F3,"(242, 240, 243)",204432,29df3928b70391dec741b20782beeefc,_preview.png
0,#E9DCD4,"(233, 220, 212)",231820,d217e3878a25f52d495d0c3eea30211a,_preview.png
0,#FAFAFA,"(250, 250, 250)",284383,3ba594c8b6a2376bc1013a0d13b83200,_preview.png
0,#00D4D8,"(0, 212, 216)",405021,06615e719bb053415093a4572a1f1d31,_preview.png
0,#69635D,"(105, 99, 93)",172560,5b4d2cc82bf11b1fa80b366fdd7a5867,_preview.png
0,#08080C,"(8, 8, 12)",160951,07a8072d594af3c04ef47e8722fc1b38,_preview.png
0,#08080C,"(8, 8, 12)",160951,f722cbe03a320f89c6abdfd3fe796047,_preview.png
0,#FFFFFF,"(255, 255, 255)",291794,4332420a9acfddfe6dedfe9b0646afd6,_preview.png
0,#E0BBF3,"(224, 187, 243)",474794,3c162d32bb9bce8199f44c665b20977d,_preview.png
0,#991AD6,"(153, 26, 214)",250461,79bb17ace9de9ef7def221cc38b50c0c,_preview.png
0,#FEC931,"(254, 201, 49)",57379,5c6befcf9b28fadcedb2430c0800f433,_preview.png
0,#001D5F,"(0, 29, 95)",179714,39872cc99f017cc22001ee9498584e13,_preview.png
0,#C1C1C7,"(193, 193, 199)",152637,77af46ea55c251a18213104bd760d1d2,_preview.png
0,#1D2A38,"(29, 42, 56)",198240,c451990f363a5119a838d33acda877f1,_preview.png
0,#010101,"(1, 1, 1)",71154,3cea7861b4a43a0695ae177cf0829267,_preview.png
0,#1D9D54,"(29, 157, 84)",252289,7a6ba94986ecc183914a48eed61ebda7,_preview.png
0,#FFFFFF,"(255, 255, 255)",227109,74ca5c4df0e45247e224523c26d7ebf3,_preview.png
0,#FFFFFF,"(255, 255, 255)",248781,eb31bf1739ffa01b1d458fe2c610230a,_preview.png
0,#91D4FF,"(145, 212, 255)",171589,95a9add1872e1666a9e413e18a15142b,_preview.png
0,#91D4FF,"(145, 212, 255)",79334,74858c868467c9f78a8989e87eb54c1c,_preview.png
0,#1B1009,"(27, 16, 9)",79029,3dfba0efa433d3f1f248b373edc2b176,_preview.png
0,#022856,"(2, 40, 86)",405948,032c21ac0d52d23f683dc4c2b7388865,_preview.png
0,#08080C,"(8, 8, 12)",160951,98db637879a2eee67d49dd05b4a92d83,_preview.png
0,#08080C,"(8, 8, 12)",160951,db671d7ebafdc3b7259109fbc18eaac9,_preview.png
0,#99CD57,"(153, 205, 87)",184728,8c07f1799c55b47a5cf24d50fd771668,_preview.png
0,#7347FF,"(115, 71, 255)",130730,cce594945c50492d887116e17ebd966f,_preview.png
0,#FFFFFF,"(255, 255, 255)",291794,f16751048b64354c30b034c44981225f,_preview.png
0,#FFFFFF,"(255, 255, 255)",362279,03f2fc9a332b87e896b2da508a061754,_preview.png
0,#FFFFFF,"(255, 255, 255)",291794,7ff33d15bd3e7d73cede0691a393c288,_preview.png
0,#FFFFFF,"(255, 255, 255)",291794,3ebf3ba9b654b8281c7b45e65133986f,_preview.png
0,#010101,"(1, 1, 1)",160219,adunit-yamaha-x2-sensory-plus-mpu,_preview.png
0,#FFFFFF,"(255, 255, 255)",31110,c823124ca76c00a9d3b79380e5bdfd29,_preview.png
0,#EA6118,"(234, 97, 24)",318190,3a462469eef8972bc33e93d3b9402fda,_preview.png
0,#FFFFFF,"(255, 255, 255)",291794,3983cfed2def8feebc57bb6638cf49c8,_preview.png
0,#08080C,"(8, 8, 12)",160951,44c8e52abc427a52c487122232409f5d,_preview.png
0,#060865,"(6, 8, 101)",65373,c9790ca6d49dfc3f245db91d3b62c56d,_preview.png
0,#FFFFFF,"(255, 255, 255)",291794,9e3c7a3de86bb8857dd3f822bc951a59,_preview.png
0,#FFFFFF,"(255, 255, 255)",291794,ff72b5f704ef2a8fa05e5a7b350a1e8e,_preview.png
0,#08080C,"(8, 8, 12)",160951,27b8aecd5c4b58ddcfc56270e9944d81,_preview.png
0,#090A09,"(9, 10, 9)",106733,7b5d17800096a3e27a5732fd7322fc37,_preview.png
0,#000000,"(0, 0, 0)",207912,d250af845914563dc5e28699c19da043,_preview.png
0,#FFFFFF,"(255, 255, 255)",288303,e17b6db0e4fb777ab569ef0a81b5000e,_preview.png
0,#4070CA,"(64, 112, 202)",6835,adunit-ihop-ihoppy-hour-no-offer-mob,_preview.png
0,#FFFFFF,"(255, 255, 255)",291794,cd586b24025b1349b9b79d2c944e3f18,_preview.png
0,#FFFFFF,"(255, 255, 255)",291794,d706afba427123c30ffafb88d5486e03,_preview.png
0,#FFFFFF,"(255, 255, 255)",291794,3c5daf79e8097eae0956840826c90fcc,_preview.png
0,#B30E29,"(179, 14, 41)",93497,427bf316b866d8b20a30866426c66e09,_preview.png
0,#08080C,"(8, 8, 12)",160951,09d86d1539357a20fd04a53d000e8471,_preview.png
0,#08080C,"(8, 8, 12)",160951,e5c648e39c7860bf0e70f4b02ecafbdf,_preview.png
0,#08080C,"(8, 8, 12)",160951,5c58461a764afd15c527c9c8b3a054b2,_preview.png
0,#D2D7D9,"(210, 215, 217)",262328,44799b510c8a525e9baaa4729e200efa,_preview.png
0,#CACAC6,"(202, 202, 198)",81068,b68a3a78534ac964f4eddfb8d767bbe0,_preview.png
0,#08080C,"(8, 8, 12)",160951,8bf41e73b0b48e4bc86fba470d3af1a8,_preview.png
0,#FFFFFF,"(255, 255, 255)",187167,caf88bb6688890e82c30fb408ec4e76f,_preview.png
0,#FFFFFF,"(255, 255, 255)",291794,3a63ee9cd0c128a7e97a7620a82b3678,_preview.png
0,#FFFFFF,"(255, 255, 255)",291794,d93555b29bb180a19395c58cb97a5065,_preview.png
0,#08080C,"(8, 8, 12)",160951,9b2e41fdabcefdda0a86803e415a8c98,_preview.png
0,#FFFFFF,"(255, 255, 255)",292284,f50ff5f8d3f50ecaccadf63345ec16bc,_preview.png
0,#000000,"(0, 0, 0)",71826,f52568446cd557df708c44efb668789c,_preview.png
0,#0057B7,"(0, 87, 183)",190355,471b3c709ca35b4765c096beb835bcc3,_preview.png
0,#537387,"(83, 115, 135)",96156,9e45326648ea56b095dfe34466ce6018,_preview.png
0,#000000,"(0, 0, 0)",142162,73501a5fc5b60fea475b301aae4a3731,_preview.png
0,#FFFFFF,"(255, 255, 255)",291794,86782260310be394dce33ef91955a716,_preview.png
0,#010101,"(1, 1, 1)",160219,ba9ca629a79e79a0b652b5b275ecd5e1,_preview.png
0,#F3C43A,"(243, 196, 58)",112135,f7f9e79ae3506b8c75810cae2ce276e7,_preview.png
0,#FFFFFF,"(255, 255, 255)",291794,034c0fa142311896c1b1b6900487d2fb,_preview.png
0,#FFFFFF,"(255, 255, 255)",481824,adunit-ihop-windows3-2021-mob,_preview.png
0,#FFFFFF,"(255, 255, 255)",291794,e437bb1946e346784d613ce6feba7203,_preview.png
0,#000000,"(0, 0, 0)",62996,3f8bf51e4f82aeecc825c4b2a12d92a7,_preview.png
0,#08080C,"(8, 8, 12)",160951,8968a702d64524827de2ccf55c802d6c,_preview.png
0,#08080C,"(8, 8, 12)",160951,64beae61d488503fcd271af0ff3ea46a,_preview.png
0,#991AD6,"(153, 26, 214)",250461,c741653e8c326e65480df0732efe96df,_preview.png
0,#FFFFFF,"(255, 255, 255)",298271,dba3929fad20b7650861f74a9414c043,_preview.png
0,#5C4A32,"(92, 74, 50)",64724,9e068e03269af51054a95146bdaf3d45,_preview.png
0,#1C4045,"(28, 64, 69)",173988,097b04b65ad1608a869f2fb08909a612,_preview.png
0,#151A1A,"(21, 26, 26)",55036,6c200017bb5cb921e59f6a6c09491ad5,_preview.png
0,#AFA7AE,"(175, 167, 174)",84831,9751f5044f0e9ef8e21661bf28c3d88f,_preview.png
0,#FFFFFF,"(255, 255, 255)",291794,9b9f6e8145aad25f6548fb35775d7fb3,_preview.png
0,#FFFFFF,"(255, 255, 255)",291794,3dbee69360ec8c331edd1ac47c4da0ec,_preview.png
0,#FFFFFF,"(255, 255, 255)",199491,adunit-ihop-ihoppy-hour-save-dollar-5-mpu,_preview.png
0,#FFFFFF,"(255, 255, 255)",291794,da2b42ad2deaf5a4f7f3604e0e5038e1,_preview.png
0,#FFFFFF,"(255, 255, 255)",291794,fae4bab75ff19f1246fb814deb4efd94,_preview.png
0,#C9CAD2,"(201, 202, 210)",166702,cb1ae642e1bdcec602d24344d5d927b5,_preview.png
0,#0C0C13,"(12, 12, 19)",381410,6e526502767454c66cc93a391846bebd,_preview.png
0,#FFFFFF,"(255, 255, 255)",291794,06c1d5086fb91fd2e62f4c5e29e2759c,_preview.png
0,#08080C,"(8, 8, 12)",160951,de22272cbb7ebe2622fa3b847330ccc6,_preview.png
0,#F15D31,"(241, 93, 49)",148061,4df8be2d1f001c08abee098975068323,_preview.png
0,#C1C5C9,"(193, 197, 201)",201655,91aa41c408ad4ff2e688c58c5ffe4e93,_preview.png
0,#4E413C,"(78, 65, 60)",111009,9931c8470e7412c45c890f4f7c59c1f4,_preview.png
0,#EEEEE0,"(238, 238, 224)",166256,243e1d1c834bb95798ff4e1db49950a3,_preview.png
0,#EFEEE3,"(239, 238, 227)",281731,6a9230f97e1bf95266390f0f94c774dd,_preview.png
0,#08080C,"(8, 8, 12)",160951,42b246e4d3bf68de81ab0262a2f05691,_preview.png
0,#19CCBA,"(25, 204, 186)",355575,2407dd6a760fb8ea2054a251cdb5b907,_preview.png
0,#BEBCB6,"(190, 188, 182)",298839,4b21d71efe295df873a1d907932dae72,_preview.png
0,#151A1A,"(21, 26, 26)",55036,b2174dea77ef62674fa5d51c84359984,_preview.png
0,#FFC21A,"(255, 194, 26)",61869,c6ce1941383baf5a5cbfa7cfbb89dbc2,_preview.png
0,#FF8201,"(255, 130, 1)",135094,de9c6db1311c86407f28feced87dc46b,_preview.png
0,#08080C,"(8, 8, 12)",160951,4e262fac1ce05ff65d581d668fc54e86,_preview.png
0,#08080C,"(8, 8, 12)",160951,b22916b05fb1e90b8b8d33812483022c,_preview.png
0,#08080C,"(8, 8, 12)",160951,80399f92f8970d3bc8b26af690768c15,_preview.png
0,#FFFFFF,"(255, 255, 255)",227357,adunit-engagementplus-ihop-mpu,_preview.png
0,#FFFFFF,"(255, 255, 255)",291794,bae285cdb6a38209f32e9e0c5f0a69ce,_preview.png
0,#08080C,"(8, 8, 12)",160951,c350b0acd9f7b128c5ba096863e5444b,_preview.png
0,#08080C,"(8, 8, 12)",160951,fdf622b95e3d532398921834f6bbfa38,_preview.png
0,#DECFC6,"(222, 207, 198)",163265,015efcdd8de3698ffc4dad6dabd6664a,_preview.png
0,#201710,"(32, 23, 16)",131363,26a8b89687aab2fafd586a34fc86ed46,_preview.png
0,#FFFFFF,"(255, 255, 255)",291794,8388c02100992a33a5a08e1e6dbe6204,_preview.png
0,#FFFFFF,"(255, 255, 255)",291794,b973c711c94c3261f51e002b853be33d,_preview.png
0,#484543,"(72, 69, 67)",74705,b12b03c2dec5e71fe630d3b06062982a,_preview.png
0,#FFFFFF,"(255, 255, 255)",291794,c8fc9c5e6ec515c610c73f772ed5d3a4,_preview.png
0,#EAEAEB,"(234, 234, 235)",204599,adunit-engagement-plus-ihop-evergreen-olo-drag-right-mpu,_preview.png
0,#000000,"(0, 0, 0)",323704,0aeb1ee8a72ad3c5566cf7a2885dc39b,_preview.png
0,#08080C,"(8, 8, 12)",160951,2b5174ee56b69baabe7f799a9de52411,_preview.png
0,#FFFFFF,"(255, 255, 255)",291794,459a8be7fbd64cc4719d79b6054de037,_preview.png
0,#FFFFFF,"(255, 255, 255)",291794,016534141ab870fdbf1b9c163955924d,_preview.png
0,#FFFFFF,"(255, 255, 255)",291794,c486723bb2d768d24036054973b1cebc,_preview.png
0,#0C0B2F,"(12, 11, 47)",103609,c76677bf8d4e0e0d6267a8c097957e92,_preview.png
0,#FFFFFF,"(255, 255, 255)",291794,eab4ad84efa8e1c830ff47d6e8ad4379,_preview.png
0,#FFFFFF,"(255, 255, 255)",291794,a19b99c57ec298782b9fbcdde83b9734,_preview.png
0,#FFFFFF,"(255, 255, 255)",291794,b429b231c4bcc785642a771a84b58eb2,_preview.png
0,#CBA45F,"(203, 164, 95)",82847,44495dd7cc8acb29ea1392d6066c43d0,_preview.png
0,#FFFFFF,"(255, 255, 255)",8087,4c3bb41d4f40f39842b7b8d3f536366a,_preview.png
0,#FFFFFF,"(255, 255, 255)",291794,ddef3dc6e16e17bb53b7ba66a400308b,_preview.png
0,#FFFFFF,"(255, 255, 255)",540000,bb8342d60fc04fb8c4fcfdbc3025f4d9,_preview.png
0,#FFFFFF,"(255, 255, 255)",291794,624c1fc48eda8c49a470567317891825,_preview.png
0,#000000,"(0, 0, 0)",168958,ee8ae60b2e46e44da79fb7e59b07eae4,_preview.png
0,#000000,"(0, 0, 0)",142162,ed3071a667a11cc56e88ae0489bfe6aa,_preview.png
0,#190B04,"(25, 11, 4)",173590,9afba90addb72bcdbab265b3492540e1,_preview.png
0,#FFFFFF,"(255, 255, 255)",291794,afacaf5b3063c23f8231cc01be74aa1d,_preview.png
0,#08080C,"(8, 8, 12)",160951,92c16abb4f96ac15f03501d3d4fbda05,_preview.png
0,#FFFFFF,"(255, 255, 255)",293555,adunit-engagementplus-ihop-mob,_preview.png
0,#FFFFFF,"(255, 255, 255)",291794,f4fc8ed9cf50e6f77bb14054b88ee2cd,_preview.png
0,#FFFFFF,"(255, 255, 255)",291794,64df515c2e4b954d029301fbc14db84a,_preview.png
0,#08080C,"(8, 8, 12)",160951,40a448ee93f85a6f94825b7afc1337b0,_preview.png
0,#9A40A5,"(154, 64, 165)",91306,2443bd3b890824acecbe32659b9a1246,_preview.png
0,#08080C,"(8, 8, 12)",160951,7ed73c1cc404f9956d26c5f58de72b2f,_preview.png
0,#24387F,"(36, 56, 127)",257696,90455f5ace15860874965eabd081b6f2,_preview.png
